id,name,gene-id,gene-symbol,gene-name,entrez-id,chromosome,start-position,end-position
1030454,"A_24_P245358",495,"ATP5A1","ATP synthase, H+ transporting, mitochondrial F1 complex, alpha subunit 1, cardiac muscle",498,"18","n/a","n/a"
1030455,"CUST_9456_PI416261804",495,"ATP5A1","ATP synthase, H+ transporting, mitochondrial F1 complex, alpha subunit 1, cardiac muscle",498,"18","n/a","n/a"
1058964,"A_23_P33216",503,"ATP5B","ATP synthase, H+ transporting, mitochondrial F1 complex, beta polypeptide",506,"12","n/a","n/a"
1058965,"CUST_12105_PI416261804",503,"ATP5B","ATP synthase, H+ transporting, mitochondrial F1 complex, beta polypeptide",506,"12","n/a","n/a"
1058953,"A_23_P211965",520,"ATP6V1A","ATPase, H+ transporting, lysosomal 70kDa, V1 subunit A",523,"3","n/a","n/a"
1058952,"A_24_P396994",520,"ATP6V1A","ATPase, H+ transporting, lysosomal 70kDa, V1 subunit A",523,"3","n/a","n/a"
1058950,"A_23_P142815",522,"ATP6V1B1","ATPase, H+ transporting, lysosomal 56/58kDa, V1 subunit B1",525,"2","n/a","n/a"
1058951,"CUST_8586_PI416261804",522,"ATP6V1B1","ATPase, H+ transporting, lysosomal 56/58kDa, V1 subunit B1",525,"2","n/a","n/a"
1058948,"A_23_P31844",523,"ATP6V1B2","ATPase, H+ transporting, lysosomal 56/58kDa, V1 subunit B2",526,"8","n/a","n/a"
1058949,"CUST_1178_PI416261804",523,"ATP6V1B2","ATPase, H+ transporting, lysosomal 56/58kDa, V1 subunit B2",526,"8","n/a","n/a"
1058569,"A_23_P29719",842,"CASR","calcium-sensing receptor",846,"3","n/a","n/a"
1058570,"CUST_17069_PI416261804",842,"CASR","calcium-sensing receptor",846,"3","n/a","n/a"
1036988,"CUST_11360_PI416261804",59769,"CHRFAM7A","CHRNA7 (cholinergic receptor, nicotinic, alpha 7, exons 5-10) and FAM7A (family with sequence similarity 7A, exons A-E) fusion",89832,"15","n/a","n/a"
1036989,"CUST_15459_PI416261804",59769,"CHRFAM7A","CHRNA7 (cholinergic receptor, nicotinic, alpha 7, exons 5-10) and FAM7A (family with sequence similarity 7A, exons A-E) fusion",89832,"15","n/a","n/a"
1058209,"A_23_P90888",1126,"CHRNA1","cholinergic receptor, nicotinic, alpha 1 (muscle)",1134,"2","n/a","n/a"
1058210,"CUST_14430_PI416261804",1126,"CHRNA1","cholinergic receptor, nicotinic, alpha 1 (muscle)",1134,"2","n/a","n/a"
1040936,"A_23_P411188",36331,"CHRNA10","cholinergic receptor, nicotinic, alpha 10 (neuronal)",57053,"11","n/a","n/a"
1040937,"CUST_13477_PI416261804",36331,"CHRNA10","cholinergic receptor, nicotinic, alpha 10 (neuronal)",57053,"11","n/a","n/a"
1058207,"A_23_P251443",1127,"CHRNA2","cholinergic receptor, nicotinic, alpha 2 (neuronal)",1135,"8","n/a","n/a"
1058208,"CUST_1_PI417511553",1127,"CHRNA2","cholinergic receptor, nicotinic, alpha 2 (neuronal)",1135,"8","n/a","n/a"
1058204,"A_23_P253911",1128,"CHRNA3","cholinergic receptor, nicotinic, alpha 3 (neuronal)",1136,"15","n/a","n/a"
1058205,"CUST_14009_PI416261804",1128,"CHRNA3","cholinergic receptor, nicotinic, alpha 3 (neuronal)",1136,"15","n/a","n/a"
1058206,"CUST_165_PI416408490",1128,"CHRNA3","cholinergic receptor, nicotinic, alpha 3 (neuronal)",1136,"15","n/a","n/a"
1058201,"A_23_P210395",1129,"CHRNA4","cholinergic receptor, nicotinic, alpha 4 (neuronal)",1137,"20","n/a","n/a"
1059691,"A_24_P912720",1129,"CHRNA4","cholinergic receptor, nicotinic, alpha 4 (neuronal)",1137,"20","n/a","n/a"
1058202,"CUST_15469_PI416261804",1129,"CHRNA4","cholinergic receptor, nicotinic, alpha 4 (neuronal)",1137,"20","n/a","n/a"
1058203,"CUST_166_PI416408490",1129,"CHRNA4","cholinergic receptor, nicotinic, alpha 4 (neuronal)",1137,"20","n/a","n/a"
1058198,"A_23_P88691",1130,"CHRNA5","cholinergic receptor, nicotinic, alpha 5 (neuronal)",1138,"15","n/a","n/a"
1058199,"CUST_15812_PI416261804",1130,"CHRNA5","cholinergic receptor, nicotinic, alpha 5 (neuronal)",1138,"15","n/a","n/a"
1058200,"CUST_167_PI416408490",1130,"CHRNA5","cholinergic receptor, nicotinic, alpha 5 (neuronal)",1138,"15","n/a","n/a"
1049128,"A_23_P157593",8873,"CHRNA6","cholinergic receptor, nicotinic, alpha 6 (neuronal)",8973,"8","n/a","n/a"
1049129,"CUST_13127_PI416261804",8873,"CHRNA6","cholinergic receptor, nicotinic, alpha 6 (neuronal)",8973,"8","n/a","n/a"
1022067,"A_23_P163390",1131,"CHRNA7","cholinergic receptor, nicotinic, alpha 7 (neuronal)",1139,"15","n/a","n/a"
1022068,"CUST_15465_PI416261804",1131,"CHRNA7","cholinergic receptor, nicotinic, alpha 7 (neuronal)",1139,"15","n/a","n/a"
1022069,"CUST_681_PI416408490",1131,"CHRNA7","cholinergic receptor, nicotinic, alpha 7 (neuronal)",1139,"15","n/a","n/a"
1022066,"CUST_9_PI416558205",1131,"CHRNA7","cholinergic receptor, nicotinic, alpha 7 (neuronal)",1139,"15","n/a","n/a"
1024423,"A_23_P61508",34873,"CHRNA9","cholinergic receptor, nicotinic, alpha 9 (neuronal)",55584,"4","n/a","n/a"
1024425,"CUST_13078_PI416261804",34873,"CHRNA9","cholinergic receptor, nicotinic, alpha 9 (neuronal)",55584,"4","n/a","n/a"
1024424,"CUST_168_PI416408490",34873,"CHRNA9","cholinergic receptor, nicotinic, alpha 9 (neuronal)",55584,"4","n/a","n/a"
1058196,"A_23_P207106",1132,"CHRNB1","cholinergic receptor, nicotinic, beta 1 (muscle)",1140,"17","n/a","n/a"
1058197,"A_24_P27627",1132,"CHRNB1","cholinergic receptor, nicotinic, beta 1 (muscle)",1140,"17","n/a","n/a"
1020870,"A_23_P368624",1133,"CHRNB2","cholinergic receptor, nicotinic, beta 2 (neuronal)",1141,"1","n/a","n/a"
1020871,"CUST_16018_PI416261804",1133,"CHRNB2","cholinergic receptor, nicotinic, beta 2 (neuronal)",1141,"1","n/a","n/a"
1021611,"A_23_P123424",1134,"CHRNB3","cholinergic receptor, nicotinic, beta 3 (neuronal)",1142,"8","n/a","n/a"
1021612,"CUST_13913_PI416261804",1134,"CHRNB3","cholinergic receptor, nicotinic, beta 3 (neuronal)",1142,"8","n/a","n/a"
1021613,"CUST_170_PI416408490",1134,"CHRNB3","cholinergic receptor, nicotinic, beta 3 (neuronal)",1142,"8","n/a","n/a"
1028335,"A_23_P332789",1135,"CHRNB4","cholinergic receptor, nicotinic, beta 4 (neuronal)",1143,"15","n/a","n/a"
1028337,"CUST_12818_PI416261804",1135,"CHRNB4","cholinergic receptor, nicotinic, beta 4 (neuronal)",1143,"15","n/a","n/a"
1028336,"CUST_171_PI416408490",1135,"CHRNB4","cholinergic receptor, nicotinic, beta 4 (neuronal)",1143,"15","n/a","n/a"
1058193,"A_23_P430558",1136,"CHRND","cholinergic receptor, nicotinic, delta (muscle)",1144,"2","n/a","n/a"
1058195,"CUST_12918_PI416261804",1136,"CHRND","cholinergic receptor, nicotinic, delta (muscle)",1144,"2","n/a","n/a"
1058194,"CUST_172_PI416408490",1136,"CHRND","cholinergic receptor, nicotinic, delta (muscle)",1144,"2","n/a","n/a"
1058191,"A_23_P304279",1137,"CHRNE","cholinergic receptor, nicotinic, epsilon (muscle)",1145,"17","n/a","n/a"
1058192,"CUST_13235_PI416261804",1137,"CHRNE","cholinergic receptor, nicotinic, epsilon (muscle)",1145,"17","n/a","n/a"
1030376,"A_23_P5718",1138,"CHRNG","cholinergic receptor, nicotinic, gamma (muscle)",1146,"2","n/a","n/a"
1030377,"CUST_12846_PI416261804",1138,"CHRNG","cholinergic receptor, nicotinic, gamma (muscle)",1146,"2","n/a","n/a"
1030375,"CUST_173_PI416408490",1138,"CHRNG","cholinergic receptor, nicotinic, gamma (muscle)",1146,"2","n/a","n/a"
1012067,"A_23_P92536",1250,"CNGA1","cyclic nucleotide gated channel alpha 1",1259,"4","n/a","n/a"
1014609,"A_24_P256722",1250,"CNGA1","cyclic nucleotide gated channel alpha 1",1259,"4","n/a","n/a"
1019285,"CUST_191_PI416408490",1250,"CNGA1","cyclic nucleotide gated channel alpha 1",1259,"4","n/a","n/a"
1058117,"CUST_145_PI416573500",1251,"CNGA2","cyclic nucleotide gated channel alpha 2",1260,"X","n/a","n/a"
1058115,"CUST_150_PI416379584",1251,"CNGA2","cyclic nucleotide gated channel alpha 2",1260,"X","n/a","n/a"
1058116,"CUST_192_PI416408490",1251,"CNGA2","cyclic nucleotide gated channel alpha 2",1260,"X","n/a","n/a"
1015600,"A_23_P68167",1252,"CNGA3","cyclic nucleotide gated channel alpha 3",1261,"2","n/a","n/a"
1015045,"CUST_9231_PI416261804",1252,"CNGA3","cyclic nucleotide gated channel alpha 3",1261,"2","n/a","n/a"
1014978,"CUST_9236_PI416261804",1252,"CNGA3","cyclic nucleotide gated channel alpha 3",1261,"2","n/a","n/a"
1021999,"A_23_P2006",1253,"CNGA4","cyclic nucleotide gated channel alpha 4",1262,"11","n/a","n/a"
1022001,"CUST_193_PI416408490",1253,"CNGA4","cyclic nucleotide gated channel alpha 4",1262,"11","n/a","n/a"
1022000,"CUST_4926_PI416261804",1253,"CNGA4","cyclic nucleotide gated channel alpha 4",1262,"11","n/a","n/a"
1021228,"A_23_P37718",1249,"CNGB1","cyclic nucleotide gated channel beta 1",1258,"16","n/a","n/a"
1018377,"A_24_P229588",1249,"CNGB1","cyclic nucleotide gated channel beta 1",1258,"16","n/a","n/a"
1012971,"CUST_14015_PI416261804",1249,"CNGB1","cyclic nucleotide gated channel beta 1",1258,"16","n/a","n/a"
1042754,"A_23_P216376",34003,"CNGB3","cyclic nucleotide gated channel beta 3",54714,"8","n/a","n/a"
1042756,"CUST_1563_PI416261804",34003,"CNGB3","cyclic nucleotide gated channel beta 3",54714,"8","n/a","n/a"
1042755,"CUST_194_PI416408490",34003,"CNGB3","cyclic nucleotide gated channel beta 3",54714,"8","n/a","n/a"
1014606,"A_23_P125067",2538,"GABRA1","gamma-aminobutyric acid (GABA) A receptor, alpha 1",2554,"5","n/a","n/a"
1014706,"A_24_P226267",2538,"GABRA1","gamma-aminobutyric acid (GABA) A receptor, alpha 1",2554,"5","n/a","n/a"
1015049,"CUST_1002_PI417557136",2538,"GABRA1","gamma-aminobutyric acid (GABA) A receptor, alpha 1",2554,"5","n/a","n/a"
1015034,"CUST_1003_PI417557136",2538,"GABRA1","gamma-aminobutyric acid (GABA) A receptor, alpha 1",2554,"5","n/a","n/a"
1014919,"CUST_1081_PI417557136",2538,"GABRA1","gamma-aminobutyric acid (GABA) A receptor, alpha 1",2554,"5","n/a","n/a"
1015181,"CUST_1427_PI417557136",2538,"GABRA1","gamma-aminobutyric acid (GABA) A receptor, alpha 1",2554,"5","n/a","n/a"
1011466,"CUST_16_PI417557136",2538,"GABRA1","gamma-aminobutyric acid (GABA) A receptor, alpha 1",2554,"5","n/a","n/a"
1019697,"CUST_270_PI416408490",2538,"GABRA1","gamma-aminobutyric acid (GABA) A receptor, alpha 1",2554,"5","n/a","n/a"
1020011,"CUST_371_PI417557136",2538,"GABRA1","gamma-aminobutyric acid (GABA) A receptor, alpha 1",2554,"5","n/a","n/a"
1013151,"CUST_372_PI417557136",2538,"GABRA1","gamma-aminobutyric acid (GABA) A receptor, alpha 1",2554,"5","n/a","n/a"
1013852,"CUST_373_PI417557136",2538,"GABRA1","gamma-aminobutyric acid (GABA) A receptor, alpha 1",2554,"5","n/a","n/a"
1015179,"CUST_374_PI417557136",2538,"GABRA1","gamma-aminobutyric acid (GABA) A receptor, alpha 1",2554,"5","n/a","n/a"
1014943,"CUST_546_PI417557136",2538,"GABRA1","gamma-aminobutyric acid (GABA) A receptor, alpha 1",2554,"5","n/a","n/a"
1014789,"CUST_675_PI417557136",2538,"GABRA1","gamma-aminobutyric acid (GABA) A receptor, alpha 1",2554,"5","n/a","n/a"
1014711,"CUST_677_PI417557136",2538,"GABRA1","gamma-aminobutyric acid (GABA) A receptor, alpha 1",2554,"5","n/a","n/a"
1014607,"CUST_679_PI417557136",2538,"GABRA1","gamma-aminobutyric acid (GABA) A receptor, alpha 1",2554,"5","n/a","n/a"
1056816,"CUST_67_PI417557136",2538,"GABRA1","gamma-aminobutyric acid (GABA) A receptor, alpha 1",2554,"5","n/a","n/a"
1014562,"CUST_680_PI417557136",2538,"GABRA1","gamma-aminobutyric acid (GABA) A receptor, alpha 1",2554,"5","n/a","n/a"
1014503,"CUST_681_PI417557136",2538,"GABRA1","gamma-aminobutyric acid (GABA) A receptor, alpha 1",2554,"5","n/a","n/a"
1014443,"CUST_682_PI417557136",2538,"GABRA1","gamma-aminobutyric acid (GABA) A receptor, alpha 1",2554,"5","n/a","n/a"
1014382,"CUST_683_PI417557136",2538,"GABRA1","gamma-aminobutyric acid (GABA) A receptor, alpha 1",2554,"5","n/a","n/a"
1014313,"CUST_684_PI417557136",2538,"GABRA1","gamma-aminobutyric acid (GABA) A receptor, alpha 1",2554,"5","n/a","n/a"
1014246,"CUST_685_PI417557136",2538,"GABRA1","gamma-aminobutyric acid (GABA) A receptor, alpha 1",2554,"5","n/a","n/a"
1014149,"CUST_686_PI417557136",2538,"GABRA1","gamma-aminobutyric acid (GABA) A receptor, alpha 1",2554,"5","n/a","n/a"
1014064,"CUST_687_PI417557136",2538,"GABRA1","gamma-aminobutyric acid (GABA) A receptor, alpha 1",2554,"5","n/a","n/a"
1013974,"CUST_688_PI417557136",2538,"GABRA1","gamma-aminobutyric acid (GABA) A receptor, alpha 1",2554,"5","n/a","n/a"
1013878,"CUST_689_PI417557136",2538,"GABRA1","gamma-aminobutyric acid (GABA) A receptor, alpha 1",2554,"5","n/a","n/a"
1056815,"CUST_68_PI417557136",2538,"GABRA1","gamma-aminobutyric acid (GABA) A receptor, alpha 1",2554,"5","n/a","n/a"
1013767,"CUST_690_PI417557136",2538,"GABRA1","gamma-aminobutyric acid (GABA) A receptor, alpha 1",2554,"5","n/a","n/a"
1013640,"CUST_691_PI417557136",2538,"GABRA1","gamma-aminobutyric acid (GABA) A receptor, alpha 1",2554,"5","n/a","n/a"
1013553,"CUST_692_PI417557136",2538,"GABRA1","gamma-aminobutyric acid (GABA) A receptor, alpha 1",2554,"5","n/a","n/a"
1013432,"CUST_693_PI417557136",2538,"GABRA1","gamma-aminobutyric acid (GABA) A receptor, alpha 1",2554,"5","n/a","n/a"
1013311,"CUST_694_PI417557136",2538,"GABRA1","gamma-aminobutyric acid (GABA) A receptor, alpha 1",2554,"5","n/a","n/a"
1013180,"CUST_695_PI417557136",2538,"GABRA1","gamma-aminobutyric acid (GABA) A receptor, alpha 1",2554,"5","n/a","n/a"
1013014,"CUST_696_PI417557136",2538,"GABRA1","gamma-aminobutyric acid (GABA) A receptor, alpha 1",2554,"5","n/a","n/a"
1012845,"CUST_697_PI417557136",2538,"GABRA1","gamma-aminobutyric acid (GABA) A receptor, alpha 1",2554,"5","n/a","n/a"
1012684,"CUST_698_PI417557136",2538,"GABRA1","gamma-aminobutyric acid (GABA) A receptor, alpha 1",2554,"5","n/a","n/a"
1012496,"CUST_699_PI417557136",2538,"GABRA1","gamma-aminobutyric acid (GABA) A receptor, alpha 1",2554,"5","n/a","n/a"
1012325,"CUST_700_PI417557136",2538,"GABRA1","gamma-aminobutyric acid (GABA) A receptor, alpha 1",2554,"5","n/a","n/a"
1012129,"CUST_701_PI417557136",2538,"GABRA1","gamma-aminobutyric acid (GABA) A receptor, alpha 1",2554,"5","n/a","n/a"
1011900,"CUST_702_PI417557136",2538,"GABRA1","gamma-aminobutyric acid (GABA) A receptor, alpha 1",2554,"5","n/a","n/a"
1011662,"CUST_703_PI417557136",2538,"GABRA1","gamma-aminobutyric acid (GABA) A receptor, alpha 1",2554,"5","n/a","n/a"
1011433,"CUST_704_PI417557136",2538,"GABRA1","gamma-aminobutyric acid (GABA) A receptor, alpha 1",2554,"5","n/a","n/a"
1011198,"CUST_705_PI417557136",2538,"GABRA1","gamma-aminobutyric acid (GABA) A receptor, alpha 1",2554,"5","n/a","n/a"
1010988,"CUST_706_PI417557136",2538,"GABRA1","gamma-aminobutyric acid (GABA) A receptor, alpha 1",2554,"5","n/a","n/a"
1010786,"CUST_707_PI417557136",2538,"GABRA1","gamma-aminobutyric acid (GABA) A receptor, alpha 1",2554,"5","n/a","n/a"
1010545,"CUST_708_PI417557136",2538,"GABRA1","gamma-aminobutyric acid (GABA) A receptor, alpha 1",2554,"5","n/a","n/a"
1015096,"CUST_924_PI417557136",2538,"GABRA1","gamma-aminobutyric acid (GABA) A receptor, alpha 1",2554,"5","n/a","n/a"
1011502,"CUST_953_PI417557136",2538,"GABRA1","gamma-aminobutyric acid (GABA) A receptor, alpha 1",2554,"5","n/a","n/a"
1013059,"A_23_P167121",2539,"GABRA2","gamma-aminobutyric acid (GABA) A receptor, alpha 2",2555,"4","n/a","n/a"
1017515,"A_23_P212869",2539,"GABRA2","gamma-aminobutyric acid (GABA) A receptor, alpha 2",2555,"4","n/a","n/a"
1014068,"CUST_1005_PI417557136",2539,"GABRA2","gamma-aminobutyric acid (GABA) A receptor, alpha 2",2555,"4","n/a","n/a"
1013990,"CUST_1006_PI417557136",2539,"GABRA2","gamma-aminobutyric acid (GABA) A receptor, alpha 2",2555,"4","n/a","n/a"
1013901,"CUST_1007_PI417557136",2539,"GABRA2","gamma-aminobutyric acid (GABA) A receptor, alpha 2",2555,"4","n/a","n/a"
1010971,"CUST_10_PI417557136",2539,"GABRA2","gamma-aminobutyric acid (GABA) A receptor, alpha 2",2555,"4","n/a","n/a"
1013108,"CUST_1169_PI417557136",2539,"GABRA2","gamma-aminobutyric acid (GABA) A receptor, alpha 2",2555,"4","n/a","n/a"
1010767,"CUST_11_PI417557136",2539,"GABRA2","gamma-aminobutyric acid (GABA) A receptor, alpha 2",2555,"4","n/a","n/a"
1010491,"CUST_12_PI417557136",2539,"GABRA2","gamma-aminobutyric acid (GABA) A receptor, alpha 2",2555,"4","n/a","n/a"
1013504,"CUST_1720_PI417557136",2539,"GABRA2","gamma-aminobutyric acid (GABA) A receptor, alpha 2",2555,"4","n/a","n/a"
1014262,"CUST_1942_PI417557136",2539,"GABRA2","gamma-aminobutyric acid (GABA) A receptor, alpha 2",2555,"4","n/a","n/a"
1012911,"CUST_1_PI417557136",2539,"GABRA2","gamma-aminobutyric acid (GABA) A receptor, alpha 2",2555,"4","n/a","n/a"
1014331,"CUST_369_PI417557136",2539,"GABRA2","gamma-aminobutyric acid (GABA) A receptor, alpha 2",2555,"4","n/a","n/a"
1014466,"CUST_36_PI417557136",2539,"GABRA2","gamma-aminobutyric acid (GABA) A receptor, alpha 2",2555,"4","n/a","n/a"
1014400,"CUST_37_PI417557136",2539,"GABRA2","gamma-aminobutyric acid (GABA) A receptor, alpha 2",2555,"4","n/a","n/a"
1014338,"CUST_38_PI417557136",2539,"GABRA2","gamma-aminobutyric acid (GABA) A receptor, alpha 2",2555,"4","n/a","n/a"
1012535,"CUST_3_PI417557136",2539,"GABRA2","gamma-aminobutyric acid (GABA) A receptor, alpha 2",2555,"4","n/a","n/a"
1012361,"CUST_4_PI417557136",2539,"GABRA2","gamma-aminobutyric acid (GABA) A receptor, alpha 2",2555,"4","n/a","n/a"
1056811,"CUST_525_PI417557136",2539,"GABRA2","gamma-aminobutyric acid (GABA) A receptor, alpha 2",2555,"4","n/a","n/a"
1013690,"CUST_532_PI417557136",2539,"GABRA2","gamma-aminobutyric acid (GABA) A receptor, alpha 2",2555,"4","n/a","n/a"
1013601,"CUST_533_PI417557136",2539,"GABRA2","gamma-aminobutyric acid (GABA) A receptor, alpha 2",2555,"4","n/a","n/a"
1012161,"CUST_5_PI417557136",2539,"GABRA2","gamma-aminobutyric acid (GABA) A receptor, alpha 2",2555,"4","n/a","n/a"
1011931,"CUST_6_PI417557136",2539,"GABRA2","gamma-aminobutyric acid (GABA) A receptor, alpha 2",2555,"4","n/a","n/a"
1011676,"CUST_7_PI417557136",2539,"GABRA2","gamma-aminobutyric acid (GABA) A receptor, alpha 2",2555,"4","n/a","n/a"
1011435,"CUST_8_PI417557136",2539,"GABRA2","gamma-aminobutyric acid (GABA) A receptor, alpha 2",2555,"4","n/a","n/a"
1011190,"CUST_9_PI417557136",2539,"GABRA2","gamma-aminobutyric acid (GABA) A receptor, alpha 2",2555,"4","n/a","n/a"
1056789,"A_23_P125618",2540,"GABRA3","gamma-aminobutyric acid (GABA) A receptor, alpha 3",2556,"X","n/a","n/a"
1056797,"CUST_1697_PI417557136",2540,"GABRA3","gamma-aminobutyric acid (GABA) A receptor, alpha 3",2556,"X","n/a","n/a"
1056777,"CUST_271_PI416408490",2540,"GABRA3","gamma-aminobutyric acid (GABA) A receptor, alpha 3",2556,"X","n/a","n/a"
1056788,"CUST_539_PI417557136",2540,"GABRA3","gamma-aminobutyric acid (GABA) A receptor, alpha 3",2556,"X","n/a","n/a"
1056778,"CUST_74_PI417557136",2540,"GABRA3","gamma-aminobutyric acid (GABA) A receptor, alpha 3",2556,"X","n/a","n/a"
1056775,"CUST_76_PI417557136",2540,"GABRA3","gamma-aminobutyric acid (GABA) A receptor, alpha 3",2556,"X","n/a","n/a"
1056774,"CUST_77_PI417557136",2540,"GABRA3","gamma-aminobutyric acid (GABA) A receptor, alpha 3",2556,"X","n/a","n/a"
1056805,"CUST_82_PI417557136",2540,"GABRA3","gamma-aminobutyric acid (GABA) A receptor, alpha 3",2556,"X","n/a","n/a"
1056803,"CUST_84_PI417557136",2540,"GABRA3","gamma-aminobutyric acid (GABA) A receptor, alpha 3",2556,"X","n/a","n/a"
1056802,"CUST_85_PI417557136",2540,"GABRA3","gamma-aminobutyric acid (GABA) A receptor, alpha 3",2556,"X","n/a","n/a"
1056800,"CUST_87_PI417557136",2540,"GABRA3","gamma-aminobutyric acid (GABA) A receptor, alpha 3",2556,"X","n/a","n/a"
1056755,"A_23_P56883",2541,"GABRA4","gamma-aminobutyric acid (GABA) A receptor, alpha 4",2557,"4","n/a","n/a"
1056644,"A_32_P204137",2541,"GABRA4","gamma-aminobutyric acid (GABA) A receptor, alpha 4",2557,"4","n/a","n/a"
1056766,"CUST_1000_PI417557136",2541,"GABRA4","gamma-aminobutyric acid (GABA) A receptor, alpha 4",2557,"4","n/a","n/a"
1056765,"CUST_1001_PI417557136",2541,"GABRA4","gamma-aminobutyric acid (GABA) A receptor, alpha 4",2557,"4","n/a","n/a"
1056749,"CUST_100_PI417557136",2541,"GABRA4","gamma-aminobutyric acid (GABA) A receptor, alpha 4",2557,"4","n/a","n/a"
1056748,"CUST_101_PI417557136",2541,"GABRA4","gamma-aminobutyric acid (GABA) A receptor, alpha 4",2557,"4","n/a","n/a"
1056747,"CUST_102_PI417557136",2541,"GABRA4","gamma-aminobutyric acid (GABA) A receptor, alpha 4",2557,"4","n/a","n/a"
1056746,"CUST_103_PI417557136",2541,"GABRA4","gamma-aminobutyric acid (GABA) A receptor, alpha 4",2557,"4","n/a","n/a"
1056745,"CUST_104_PI417557136",2541,"GABRA4","gamma-aminobutyric acid (GABA) A receptor, alpha 4",2557,"4","n/a","n/a"
1056744,"CUST_105_PI417557136",2541,"GABRA4","gamma-aminobutyric acid (GABA) A receptor, alpha 4",2557,"4","n/a","n/a"
1056743,"CUST_106_PI417557136",2541,"GABRA4","gamma-aminobutyric acid (GABA) A receptor, alpha 4",2557,"4","n/a","n/a"
1056742,"CUST_107_PI417557136",2541,"GABRA4","gamma-aminobutyric acid (GABA) A receptor, alpha 4",2557,"4","n/a","n/a"
1056741,"CUST_108_PI417557136",2541,"GABRA4","gamma-aminobutyric acid (GABA) A receptor, alpha 4",2557,"4","n/a","n/a"
1056740,"CUST_109_PI417557136",2541,"GABRA4","gamma-aminobutyric acid (GABA) A receptor, alpha 4",2557,"4","n/a","n/a"
1056739,"CUST_110_PI417557136",2541,"GABRA4","gamma-aminobutyric acid (GABA) A receptor, alpha 4",2557,"4","n/a","n/a"
1056738,"CUST_111_PI417557136",2541,"GABRA4","gamma-aminobutyric acid (GABA) A receptor, alpha 4",2557,"4","n/a","n/a"
1056737,"CUST_112_PI417557136",2541,"GABRA4","gamma-aminobutyric acid (GABA) A receptor, alpha 4",2557,"4","n/a","n/a"
1056736,"CUST_113_PI417557136",2541,"GABRA4","gamma-aminobutyric acid (GABA) A receptor, alpha 4",2557,"4","n/a","n/a"
1056735,"CUST_114_PI417557136",2541,"GABRA4","gamma-aminobutyric acid (GABA) A receptor, alpha 4",2557,"4","n/a","n/a"
1056734,"CUST_115_PI417557136",2541,"GABRA4","gamma-aminobutyric acid (GABA) A receptor, alpha 4",2557,"4","n/a","n/a"
1056733,"CUST_116_PI417557136",2541,"GABRA4","gamma-aminobutyric acid (GABA) A receptor, alpha 4",2557,"4","n/a","n/a"
1056732,"CUST_117_PI417557136",2541,"GABRA4","gamma-aminobutyric acid (GABA) A receptor, alpha 4",2557,"4","n/a","n/a"
1056731,"CUST_118_PI417557136",2541,"GABRA4","gamma-aminobutyric acid (GABA) A receptor, alpha 4",2557,"4","n/a","n/a"
1056730,"CUST_119_PI417557136",2541,"GABRA4","gamma-aminobutyric acid (GABA) A receptor, alpha 4",2557,"4","n/a","n/a"
1056729,"CUST_120_PI417557136",2541,"GABRA4","gamma-aminobutyric acid (GABA) A receptor, alpha 4",2557,"4","n/a","n/a"
1056728,"CUST_121_PI417557136",2541,"GABRA4","gamma-aminobutyric acid (GABA) A receptor, alpha 4",2557,"4","n/a","n/a"
1056726,"CUST_123_PI417557136",2541,"GABRA4","gamma-aminobutyric acid (GABA) A receptor, alpha 4",2557,"4","n/a","n/a"
1056725,"CUST_124_PI417557136",2541,"GABRA4","gamma-aminobutyric acid (GABA) A receptor, alpha 4",2557,"4","n/a","n/a"
1056723,"CUST_126_PI417557136",2541,"GABRA4","gamma-aminobutyric acid (GABA) A receptor, alpha 4",2557,"4","n/a","n/a"
1056722,"CUST_127_PI417557136",2541,"GABRA4","gamma-aminobutyric acid (GABA) A receptor, alpha 4",2557,"4","n/a","n/a"
1056721,"CUST_128_PI417557136",2541,"GABRA4","gamma-aminobutyric acid (GABA) A receptor, alpha 4",2557,"4","n/a","n/a"
1056720,"CUST_129_PI417557136",2541,"GABRA4","gamma-aminobutyric acid (GABA) A receptor, alpha 4",2557,"4","n/a","n/a"
1056719,"CUST_130_PI417557136",2541,"GABRA4","gamma-aminobutyric acid (GABA) A receptor, alpha 4",2557,"4","n/a","n/a"
1056718,"CUST_131_PI417557136",2541,"GABRA4","gamma-aminobutyric acid (GABA) A receptor, alpha 4",2557,"4","n/a","n/a"
1056716,"CUST_133_PI417557136",2541,"GABRA4","gamma-aminobutyric acid (GABA) A receptor, alpha 4",2557,"4","n/a","n/a"
1056715,"CUST_134_PI417557136",2541,"GABRA4","gamma-aminobutyric acid (GABA) A receptor, alpha 4",2557,"4","n/a","n/a"
1056714,"CUST_135_PI417557136",2541,"GABRA4","gamma-aminobutyric acid (GABA) A receptor, alpha 4",2557,"4","n/a","n/a"
1056713,"CUST_136_PI417557136",2541,"GABRA4","gamma-aminobutyric acid (GABA) A receptor, alpha 4",2557,"4","n/a","n/a"
1056712,"CUST_137_PI417557136",2541,"GABRA4","gamma-aminobutyric acid (GABA) A receptor, alpha 4",2557,"4","n/a","n/a"
1056711,"CUST_138_PI417557136",2541,"GABRA4","gamma-aminobutyric acid (GABA) A receptor, alpha 4",2557,"4","n/a","n/a"
1056709,"CUST_140_PI417557136",2541,"GABRA4","gamma-aminobutyric acid (GABA) A receptor, alpha 4",2557,"4","n/a","n/a"
1056708,"CUST_141_PI417557136",2541,"GABRA4","gamma-aminobutyric acid (GABA) A receptor, alpha 4",2557,"4","n/a","n/a"
1056707,"CUST_142_PI417557136",2541,"GABRA4","gamma-aminobutyric acid (GABA) A receptor, alpha 4",2557,"4","n/a","n/a"
1056706,"CUST_143_PI417557136",2541,"GABRA4","gamma-aminobutyric acid (GABA) A receptor, alpha 4",2557,"4","n/a","n/a"
1056703,"CUST_146_PI417557136",2541,"GABRA4","gamma-aminobutyric acid (GABA) A receptor, alpha 4",2557,"4","n/a","n/a"
1056702,"CUST_147_PI417557136",2541,"GABRA4","gamma-aminobutyric acid (GABA) A receptor, alpha 4",2557,"4","n/a","n/a"
1056700,"CUST_149_PI417557136",2541,"GABRA4","gamma-aminobutyric acid (GABA) A receptor, alpha 4",2557,"4","n/a","n/a"
1056699,"CUST_150_PI417557136",2541,"GABRA4","gamma-aminobutyric acid (GABA) A receptor, alpha 4",2557,"4","n/a","n/a"
1056698,"CUST_151_PI417557136",2541,"GABRA4","gamma-aminobutyric acid (GABA) A receptor, alpha 4",2557,"4","n/a","n/a"
1056697,"CUST_152_PI417557136",2541,"GABRA4","gamma-aminobutyric acid (GABA) A receptor, alpha 4",2557,"4","n/a","n/a"
1056696,"CUST_153_PI417557136",2541,"GABRA4","gamma-aminobutyric acid (GABA) A receptor, alpha 4",2557,"4","n/a","n/a"
1056695,"CUST_154_PI417557136",2541,"GABRA4","gamma-aminobutyric acid (GABA) A receptor, alpha 4",2557,"4","n/a","n/a"
1056694,"CUST_155_PI417557136",2541,"GABRA4","gamma-aminobutyric acid (GABA) A receptor, alpha 4",2557,"4","n/a","n/a"
1056693,"CUST_156_PI417557136",2541,"GABRA4","gamma-aminobutyric acid (GABA) A receptor, alpha 4",2557,"4","n/a","n/a"
1056692,"CUST_157_PI417557136",2541,"GABRA4","gamma-aminobutyric acid (GABA) A receptor, alpha 4",2557,"4","n/a","n/a"
1056691,"CUST_158_PI417557136",2541,"GABRA4","gamma-aminobutyric acid (GABA) A receptor, alpha 4",2557,"4","n/a","n/a"
1056690,"CUST_159_PI417557136",2541,"GABRA4","gamma-aminobutyric acid (GABA) A receptor, alpha 4",2557,"4","n/a","n/a"
1056689,"CUST_160_PI417557136",2541,"GABRA4","gamma-aminobutyric acid (GABA) A receptor, alpha 4",2557,"4","n/a","n/a"
1056684,"CUST_165_PI417557136",2541,"GABRA4","gamma-aminobutyric acid (GABA) A receptor, alpha 4",2557,"4","n/a","n/a"
1056683,"CUST_166_PI417557136",2541,"GABRA4","gamma-aminobutyric acid (GABA) A receptor, alpha 4",2557,"4","n/a","n/a"
1056768,"CUST_1674_PI417557136",2541,"GABRA4","gamma-aminobutyric acid (GABA) A receptor, alpha 4",2557,"4","n/a","n/a"
1056682,"CUST_167_PI417557136",2541,"GABRA4","gamma-aminobutyric acid (GABA) A receptor, alpha 4",2557,"4","n/a","n/a"
1056681,"CUST_168_PI417557136",2541,"GABRA4","gamma-aminobutyric acid (GABA) A receptor, alpha 4",2557,"4","n/a","n/a"
1056680,"CUST_169_PI417557136",2541,"GABRA4","gamma-aminobutyric acid (GABA) A receptor, alpha 4",2557,"4","n/a","n/a"
1056678,"CUST_171_PI417557136",2541,"GABRA4","gamma-aminobutyric acid (GABA) A receptor, alpha 4",2557,"4","n/a","n/a"
1056760,"CUST_1723_PI417557136",2541,"GABRA4","gamma-aminobutyric acid (GABA) A receptor, alpha 4",2557,"4","n/a","n/a"
1056676,"CUST_173_PI417557136",2541,"GABRA4","gamma-aminobutyric acid (GABA) A receptor, alpha 4",2557,"4","n/a","n/a"
1056675,"CUST_174_PI417557136",2541,"GABRA4","gamma-aminobutyric acid (GABA) A receptor, alpha 4",2557,"4","n/a","n/a"
1056674,"CUST_175_PI417557136",2541,"GABRA4","gamma-aminobutyric acid (GABA) A receptor, alpha 4",2557,"4","n/a","n/a"
1056673,"CUST_176_PI417557136",2541,"GABRA4","gamma-aminobutyric acid (GABA) A receptor, alpha 4",2557,"4","n/a","n/a"
1056672,"CUST_177_PI417557136",2541,"GABRA4","gamma-aminobutyric acid (GABA) A receptor, alpha 4",2557,"4","n/a","n/a"
1056671,"CUST_178_PI417557136",2541,"GABRA4","gamma-aminobutyric acid (GABA) A receptor, alpha 4",2557,"4","n/a","n/a"
1056670,"CUST_179_PI417557136",2541,"GABRA4","gamma-aminobutyric acid (GABA) A receptor, alpha 4",2557,"4","n/a","n/a"
1056669,"CUST_180_PI417557136",2541,"GABRA4","gamma-aminobutyric acid (GABA) A receptor, alpha 4",2557,"4","n/a","n/a"
1056668,"CUST_181_PI417557136",2541,"GABRA4","gamma-aminobutyric acid (GABA) A receptor, alpha 4",2557,"4","n/a","n/a"
1056667,"CUST_182_PI417557136",2541,"GABRA4","gamma-aminobutyric acid (GABA) A receptor, alpha 4",2557,"4","n/a","n/a"
1056666,"CUST_183_PI417557136",2541,"GABRA4","gamma-aminobutyric acid (GABA) A receptor, alpha 4",2557,"4","n/a","n/a"
1056665,"CUST_184_PI417557136",2541,"GABRA4","gamma-aminobutyric acid (GABA) A receptor, alpha 4",2557,"4","n/a","n/a"
1056664,"CUST_185_PI417557136",2541,"GABRA4","gamma-aminobutyric acid (GABA) A receptor, alpha 4",2557,"4","n/a","n/a"
1056663,"CUST_186_PI417557136",2541,"GABRA4","gamma-aminobutyric acid (GABA) A receptor, alpha 4",2557,"4","n/a","n/a"
1056662,"CUST_187_PI417557136",2541,"GABRA4","gamma-aminobutyric acid (GABA) A receptor, alpha 4",2557,"4","n/a","n/a"
1056661,"CUST_188_PI417557136",2541,"GABRA4","gamma-aminobutyric acid (GABA) A receptor, alpha 4",2557,"4","n/a","n/a"
1056660,"CUST_189_PI417557136",2541,"GABRA4","gamma-aminobutyric acid (GABA) A receptor, alpha 4",2557,"4","n/a","n/a"
1056659,"CUST_190_PI417557136",2541,"GABRA4","gamma-aminobutyric acid (GABA) A receptor, alpha 4",2557,"4","n/a","n/a"
1056658,"CUST_191_PI417557136",2541,"GABRA4","gamma-aminobutyric acid (GABA) A receptor, alpha 4",2557,"4","n/a","n/a"
1056657,"CUST_192_PI417557136",2541,"GABRA4","gamma-aminobutyric acid (GABA) A receptor, alpha 4",2557,"4","n/a","n/a"
1056773,"CUST_193_PI417557136",2541,"GABRA4","gamma-aminobutyric acid (GABA) A receptor, alpha 4",2557,"4","n/a","n/a"
1056656,"CUST_194_PI417557136",2541,"GABRA4","gamma-aminobutyric acid (GABA) A receptor, alpha 4",2557,"4","n/a","n/a"
1056655,"CUST_195_PI417557136",2541,"GABRA4","gamma-aminobutyric acid (GABA) A receptor, alpha 4",2557,"4","n/a","n/a"
1056654,"CUST_196_PI417557136",2541,"GABRA4","gamma-aminobutyric acid (GABA) A receptor, alpha 4",2557,"4","n/a","n/a"
1056653,"CUST_197_PI417557136",2541,"GABRA4","gamma-aminobutyric acid (GABA) A receptor, alpha 4",2557,"4","n/a","n/a"
1056652,"CUST_198_PI417557136",2541,"GABRA4","gamma-aminobutyric acid (GABA) A receptor, alpha 4",2557,"4","n/a","n/a"
1056651,"CUST_199_PI417557136",2541,"GABRA4","gamma-aminobutyric acid (GABA) A receptor, alpha 4",2557,"4","n/a","n/a"
1056650,"CUST_200_PI417557136",2541,"GABRA4","gamma-aminobutyric acid (GABA) A receptor, alpha 4",2557,"4","n/a","n/a"
1056649,"CUST_201_PI417557136",2541,"GABRA4","gamma-aminobutyric acid (GABA) A receptor, alpha 4",2557,"4","n/a","n/a"
1056648,"CUST_202_PI417557136",2541,"GABRA4","gamma-aminobutyric acid (GABA) A receptor, alpha 4",2557,"4","n/a","n/a"
1056647,"CUST_203_PI417557136",2541,"GABRA4","gamma-aminobutyric acid (GABA) A receptor, alpha 4",2557,"4","n/a","n/a"
1056646,"CUST_204_PI417557136",2541,"GABRA4","gamma-aminobutyric acid (GABA) A receptor, alpha 4",2557,"4","n/a","n/a"
1056645,"CUST_205_PI417557136",2541,"GABRA4","gamma-aminobutyric acid (GABA) A receptor, alpha 4",2557,"4","n/a","n/a"
1056643,"CUST_206_PI417557136",2541,"GABRA4","gamma-aminobutyric acid (GABA) A receptor, alpha 4",2557,"4","n/a","n/a"
1056642,"CUST_207_PI417557136",2541,"GABRA4","gamma-aminobutyric acid (GABA) A receptor, alpha 4",2557,"4","n/a","n/a"
1056769,"CUST_2086_PI417557136",2541,"GABRA4","gamma-aminobutyric acid (GABA) A receptor, alpha 4",2557,"4","n/a","n/a"
1056641,"CUST_208_PI417557136",2541,"GABRA4","gamma-aminobutyric acid (GABA) A receptor, alpha 4",2557,"4","n/a","n/a"
1056640,"CUST_209_PI417557136",2541,"GABRA4","gamma-aminobutyric acid (GABA) A receptor, alpha 4",2557,"4","n/a","n/a"
1056639,"CUST_210_PI417557136",2541,"GABRA4","gamma-aminobutyric acid (GABA) A receptor, alpha 4",2557,"4","n/a","n/a"
1056763,"CUST_541_PI417557136",2541,"GABRA4","gamma-aminobutyric acid (GABA) A receptor, alpha 4",2557,"4","n/a","n/a"
1056762,"CUST_542_PI417557136",2541,"GABRA4","gamma-aminobutyric acid (GABA) A receptor, alpha 4",2557,"4","n/a","n/a"
1056756,"CUST_94_PI417557136",2541,"GABRA4","gamma-aminobutyric acid (GABA) A receptor, alpha 4",2557,"4","n/a","n/a"
1056754,"CUST_95_PI417557136",2541,"GABRA4","gamma-aminobutyric acid (GABA) A receptor, alpha 4",2557,"4","n/a","n/a"
1056752,"CUST_97_PI417557136",2541,"GABRA4","gamma-aminobutyric acid (GABA) A receptor, alpha 4",2557,"4","n/a","n/a"
1056767,"CUST_999_PI417557136",2541,"GABRA4","gamma-aminobutyric acid (GABA) A receptor, alpha 4",2557,"4","n/a","n/a"
1056750,"CUST_99_PI417557136",2541,"GABRA4","gamma-aminobutyric acid (GABA) A receptor, alpha 4",2557,"4","n/a","n/a"
1056626,"A_23_P436618",2542,"GABRA5","gamma-aminobutyric acid (GABA) A receptor, alpha 5",2558,"15","n/a","n/a"
1056634,"CUST_14341_PI416261804",2542,"GABRA5","gamma-aminobutyric acid (GABA) A receptor, alpha 5",2558,"15","n/a","n/a"
1056628,"CUST_19_PI417557136",2542,"GABRA5","gamma-aminobutyric acid (GABA) A receptor, alpha 5",2558,"15","n/a","n/a"
1056622,"CUST_24_PI417557136",2542,"GABRA5","gamma-aminobutyric acid (GABA) A receptor, alpha 5",2558,"15","n/a","n/a"
1056621,"CUST_25_PI417557136",2542,"GABRA5","gamma-aminobutyric acid (GABA) A receptor, alpha 5",2558,"15","n/a","n/a"
1056620,"CUST_26_PI417557136",2542,"GABRA5","gamma-aminobutyric acid (GABA) A receptor, alpha 5",2558,"15","n/a","n/a"
1056633,"CUST_272_PI416408490",2542,"GABRA5","gamma-aminobutyric acid (GABA) A receptor, alpha 5",2558,"15","n/a","n/a"
1056618,"CUST_28_PI417557136",2542,"GABRA5","gamma-aminobutyric acid (GABA) A receptor, alpha 5",2558,"15","n/a","n/a"
1056614,"A_23_P41847",2543,"GABRA6","gamma-aminobutyric acid (GABA) A receptor, alpha 6",2559,"5","n/a","n/a"
1056615,"CUST_273_PI416408490",2543,"GABRA6","gamma-aminobutyric acid (GABA) A receptor, alpha 6",2559,"5","n/a","n/a"
1056616,"CUST_9900_PI416261804",2543,"GABRA6","gamma-aminobutyric acid (GABA) A receptor, alpha 6",2559,"5","n/a","n/a"
1056611,"A_23_P125435",2544,"GABRB1","gamma-aminobutyric acid (GABA) A receptor, beta 1",2560,"4","n/a","n/a"
1056612,"CUST_5_PI416558187",2544,"GABRB1","gamma-aminobutyric acid (GABA) A receptor, beta 1",2560,"4","n/a","n/a"
1056613,"CUST_9788_PI416261804",2544,"GABRB1","gamma-aminobutyric acid (GABA) A receptor, beta 1",2560,"4","n/a","n/a"
1056609,"A_23_P19042",2545,"GABRB2","gamma-aminobutyric acid (GABA) A receptor, beta 2",2561,"5","n/a","n/a"
1056610,"CUST_16433_PI416261804",2545,"GABRB2","gamma-aminobutyric acid (GABA) A receptor, beta 2",2561,"5","n/a","n/a"
1029787,"A_23_P10966",2546,"GABRB3","gamma-aminobutyric acid (GABA) A receptor, beta 3",2562,"15","n/a","n/a"
1029788,"A_23_P14821",2546,"GABRB3","gamma-aminobutyric acid (GABA) A receptor, beta 3",2562,"15","n/a","n/a"
1056608,"A_23_P309720",2547,"GABRD","gamma-aminobutyric acid (GABA) A receptor, delta",2563,"1","n/a","n/a"
1056607,"A_32_P181822",2547,"GABRD","gamma-aminobutyric acid (GABA) A receptor, delta",2563,"1","n/a","n/a"
1025161,"A_23_P159775",2548,"GABRE","gamma-aminobutyric acid (GABA) A receptor, epsilon",2564,"X","n/a","n/a"
1025163,"CUST_274_PI416408490",2548,"GABRE","gamma-aminobutyric acid (GABA) A receptor, epsilon",2564,"X","n/a","n/a"
1025162,"CUST_9777_PI416261804",2548,"GABRE","gamma-aminobutyric acid (GABA) A receptor, epsilon",2564,"X","n/a","n/a"
1029995,"A_23_P389496",2549,"GABRG1","gamma-aminobutyric acid (GABA) A receptor, gamma 1",2565,"4","n/a","n/a"
1029994,"A_32_P89899",2549,"GABRG1","gamma-aminobutyric acid (GABA) A receptor, gamma 1",2565,"4","n/a","n/a"
1029996,"CUST_275_PI416408490",2549,"GABRG1","gamma-aminobutyric acid (GABA) A receptor, gamma 1",2565,"4","n/a","n/a"
1027603,"A_23_P213920",2550,"GABRG2","gamma-aminobutyric acid (GABA) A receptor, gamma 2",2566,"5","n/a","n/a"
1027604,"A_23_P410482",2550,"GABRG2","gamma-aminobutyric acid (GABA) A receptor, gamma 2",2566,"5","n/a","n/a"
1027605,"A_32_P25514",2550,"GABRG2","gamma-aminobutyric acid (GABA) A receptor, gamma 2",2566,"5","n/a","n/a"
1021254,"A_23_P332268",2551,"GABRG3","gamma-aminobutyric acid (GABA) A receptor, gamma 3",2567,"15","n/a","n/a"
1070371,"A_23_P43864",2551,"GABRG3","gamma-aminobutyric acid (GABA) A receptor, gamma 3",2567,"15","n/a","n/a"
1021256,"CUST_276_PI416408490",2551,"GABRG3","gamma-aminobutyric acid (GABA) A receptor, gamma 3",2567,"15","n/a","n/a"
1021255,"CUST_5_PI416566421",2551,"GABRG3","gamma-aminobutyric acid (GABA) A receptor, gamma 3",2567,"15","n/a","n/a"
1021257,"CUST_6_PI416558187",2551,"GABRG3","gamma-aminobutyric acid (GABA) A receptor, gamma 3",2567,"15","n/a","n/a"
1021258,"CUST_9890_PI416261804",2551,"GABRG3","gamma-aminobutyric acid (GABA) A receptor, gamma 3",2567,"15","n/a","n/a"
1056604,"A_23_P328545",2552,"GABRP","gamma-aminobutyric acid (GABA) A receptor, pi",2568,"5","n/a","n/a"
1056605,"CUST_277_PI416408490",2552,"GABRP","gamma-aminobutyric acid (GABA) A receptor, pi",2568,"5","n/a","n/a"
1056606,"CUST_9812_PI416261804",2552,"GABRP","gamma-aminobutyric acid (GABA) A receptor, pi",2568,"5","n/a","n/a"
1041465,"A_23_P125475",35167,"GABRQ","gamma-aminobutyric acid (GABA) A receptor, theta",55879,"X","n/a","n/a"
1041464,"A_24_P367410",35167,"GABRQ","gamma-aminobutyric acid (GABA) A receptor, theta",55879,"X","n/a","n/a"
1041466,"CUST_278_PI416408490",35167,"GABRQ","gamma-aminobutyric acid (GABA) A receptor, theta",55879,"X","n/a","n/a"
1056601,"A_23_P256754",2553,"GABRR1","gamma-aminobutyric acid (GABA) A receptor, rho 1",2569,"6","n/a","n/a"
1056603,"CUST_279_PI416408490",2553,"GABRR1","gamma-aminobutyric acid (GABA) A receptor, rho 1",2569,"6","n/a","n/a"
1056602,"CUST_9919_PI416261804",2553,"GABRR1","gamma-aminobutyric acid (GABA) A receptor, rho 1",2569,"6","n/a","n/a"
1056599,"A_23_P93105",2554,"GABRR2","gamma-aminobutyric acid (GABA) A receptor, rho 2",2570,"6","n/a","n/a"
1056600,"CUST_9949_PI416261804",2554,"GABRR2","gamma-aminobutyric acid (GABA) A receptor, rho 2",2570,"6","n/a","n/a"
1016487,"A_23_P69020",83607,"GABRR3","gamma-aminobutyric acid (GABA) A receptor, rho 3",200959,"3","n/a","n/a"
1011222,"CUST_9841_PI416261804",83607,"GABRR3","gamma-aminobutyric acid (GABA) A receptor, rho 3",200959,"3","n/a","n/a"
1018755,"A_23_P156261",2724,"GLRA1","glycine receptor, alpha 1",2741,"5","n/a","n/a"
1012904,"CUST_14839_PI416261804",2724,"GLRA1","glycine receptor, alpha 1",2741,"5","n/a","n/a"
1013484,"A_23_P411903",2725,"GLRA2","glycine receptor, alpha 2",2742,"X","n/a","n/a"
1018371,"CUST_285_PI416408490",2725,"GLRA2","glycine receptor, alpha 2",2742,"X","n/a","n/a"
1014176,"CUST_9997_PI416261804",2725,"GLRA2","glycine receptor, alpha 2",2742,"X","n/a","n/a"
1020848,"A_23_P257387",7953,"GLRA3","glycine receptor, alpha 3",8001,"4","n/a","n/a"
1020849,"A_23_P340868",7953,"GLRA3","glycine receptor, alpha 3",8001,"4","n/a","n/a"
1021747,"CUST_286_PI416408490",7953,"GLRA3","glycine receptor, alpha 3",8001,"4","n/a","n/a"
1018931,"A_24_P404868",134603,"GLRA4","glycine receptor, alpha 4",441509,"X","n/a","n/a"
1010761,"CUST_8800_PI416261804",134603,"GLRA4","glycine receptor, alpha 4",441509,"X","n/a","n/a"
1056382,"A_24_P217489",2726,"GLRB","glycine receptor, beta",2743,"4","n/a","n/a"
1056383,"CUST_10014_PI416261804",2726,"GLRB","glycine receptor, beta",2743,"4","n/a","n/a"
1040619,"A_24_P349117",36785,"GPR158","G protein-coupled receptor 158",57512,"10","n/a","n/a"
1040618,"CUST_7263_PI416261804",36785,"GPR158","G protein-coupled receptor 158",57512,"10","n/a","n/a"
1033065,"A_23_P81683",85857,"GPRC6A","G protein-coupled receptor, family C, group 6, member A",222545,"6","n/a","n/a"
1033066,"CUST_1340_PI416261804",85857,"GPRC6A","G protein-coupled receptor, family C, group 6, member A",222545,"6","n/a","n/a"
1014545,"A_23_P303072",2873,"GRIA1","glutamate receptor, ionotropic, AMPA 1",2890,"5","n/a","n/a"
1056189,"CUST_13838_PI416261804",2873,"GRIA1","glutamate receptor, ionotropic, AMPA 1",2890,"5","n/a","n/a"
1014876,"CUST_13840_PI416261804",2873,"GRIA1","glutamate receptor, ionotropic, AMPA 1",2890,"5","n/a","n/a"
1020665,"CUST_300_PI416408490",2873,"GRIA1","glutamate receptor, ionotropic, AMPA 1",2890,"5","n/a","n/a"
1012842,"A_23_P340617",2874,"GRIA2","glutamate receptor, ionotropic, AMPA 2",2891,"4","n/a","n/a"
1013920,"A_24_P914688",2874,"GRIA2","glutamate receptor, ionotropic, AMPA 2",2891,"4","n/a","n/a"
1014492,"A_32_P172339",2874,"GRIA2","glutamate receptor, ionotropic, AMPA 2",2891,"4","n/a","n/a"
1020603,"CUST_301_PI416408490",2874,"GRIA2","glutamate receptor, ionotropic, AMPA 2",2891,"4","n/a","n/a"
1056186,"A_24_P143127",2875,"GRIA3","glutamate receptor, ionotropic, AMPA 3",2892,"X","n/a","n/a"
1065549,"A_24_P229025",2875,"GRIA3","glutamate receptor, ionotropic, AMPA 3",2892,"X","n/a","n/a"
1056188,"A_32_P177897",2875,"GRIA3","glutamate receptor, ionotropic, AMPA 3",2892,"X","n/a","n/a"
1056187,"CUST_302_PI416408490",2875,"GRIA3","glutamate receptor, ionotropic, AMPA 3",2892,"X","n/a","n/a"
1020501,"A_23_P98369",2876,"GRIA4","glutamate receptor, ionotropic, AMPA 4",2893,"11","n/a","n/a"
1013883,"CUST_1015_PI416573500",2876,"GRIA4","glutamate receptor, ionotropic, AMPA 4",2893,"11","n/a","n/a"
1011855,"CUST_1047_PI416379584",2876,"GRIA4","glutamate receptor, ionotropic, AMPA 4",2893,"11","n/a","n/a"
1015079,"CUST_10904_PI416261804",2876,"GRIA4","glutamate receptor, ionotropic, AMPA 4",2893,"11","n/a","n/a"
1019993,"CUST_303_PI416408490",2876,"GRIA4","glutamate receptor, ionotropic, AMPA 4",2893,"11","n/a","n/a"
1028949,"A_23_P32805",2877,"GRID1","glutamate receptor, ionotropic, delta 1",2894,"10","n/a","n/a"
1028948,"A_24_P941896",2877,"GRID1","glutamate receptor, ionotropic, delta 1",2894,"10","n/a","n/a"
1028950,"CUST_304_PI416408490",2877,"GRID1","glutamate receptor, ionotropic, delta 1",2894,"10","n/a","n/a"
1056183,"A_23_P32847",2878,"GRID2","glutamate receptor, ionotropic, delta 2",2895,"4","n/a","n/a"
1056185,"A_32_P229221",2878,"GRID2","glutamate receptor, ionotropic, delta 2",2895,"4","n/a","n/a"
1056184,"CUST_305_PI416408490",2878,"GRID2","glutamate receptor, ionotropic, delta 2",2895,"4","n/a","n/a"
1026818,"A_23_P109286",2880,"GRIK1","glutamate receptor, ionotropic, kainate 1",2897,"21","n/a","n/a"
1026839,"CUST_1072_PI417557136",2880,"GRIK1","glutamate receptor, ionotropic, kainate 1",2897,"21","n/a","n/a"
1026846,"CUST_1165_PI417557136",2880,"GRIK1","glutamate receptor, ionotropic, kainate 1",2897,"21","n/a","n/a"
1026934,"CUST_1424_PI417557136",2880,"GRIK1","glutamate receptor, ionotropic, kainate 1",2897,"21","n/a","n/a"
1026933,"CUST_1425_PI417557136",2880,"GRIK1","glutamate receptor, ionotropic, kainate 1",2897,"21","n/a","n/a"
1026823,"CUST_14451_PI416261804",2880,"GRIK1","glutamate receptor, ionotropic, kainate 1",2897,"21","n/a","n/a"
1026840,"CUST_1687_PI417557136",2880,"GRIK1","glutamate receptor, ionotropic, kainate 1",2897,"21","n/a","n/a"
1026819,"CUST_1931_PI417557136",2880,"GRIK1","glutamate receptor, ionotropic, kainate 1",2897,"21","n/a","n/a"
1026815,"CUST_2047_PI417557136",2880,"GRIK1","glutamate receptor, ionotropic, kainate 1",2897,"21","n/a","n/a"
1026814,"CUST_2048_PI417557136",2880,"GRIK1","glutamate receptor, ionotropic, kainate 1",2897,"21","n/a","n/a"
1026813,"CUST_2049_PI417557136",2880,"GRIK1","glutamate receptor, ionotropic, kainate 1",2897,"21","n/a","n/a"
1026812,"CUST_2050_PI417557136",2880,"GRIK1","glutamate receptor, ionotropic, kainate 1",2897,"21","n/a","n/a"
1026811,"CUST_2051_PI417557136",2880,"GRIK1","glutamate receptor, ionotropic, kainate 1",2897,"21","n/a","n/a"
1026838,"CUST_306_PI416408490",2880,"GRIK1","glutamate receptor, ionotropic, kainate 1",2897,"21","n/a","n/a"
1026852,"CUST_355_PI417557136",2880,"GRIK1","glutamate receptor, ionotropic, kainate 1",2897,"21","n/a","n/a"
1026833,"CUST_616_PI417557136",2880,"GRIK1","glutamate receptor, ionotropic, kainate 1",2897,"21","n/a","n/a"
1026832,"CUST_981_PI417557136",2880,"GRIK1","glutamate receptor, ionotropic, kainate 1",2897,"21","n/a","n/a"
1026831,"CUST_982_PI417557136",2880,"GRIK1","glutamate receptor, ionotropic, kainate 1",2897,"21","n/a","n/a"
1056126,"A_23_P250136",2881,"GRIK2","glutamate receptor, ionotropic, kainate 2",2898,"6","n/a","n/a"
1056180,"A_24_P935839",2881,"GRIK2","glutamate receptor, ionotropic, kainate 2",2898,"6","n/a","n/a"
1056161,"A_32_P115796",2881,"GRIK2","glutamate receptor, ionotropic, kainate 2",2898,"6","n/a","n/a"
1030448,"CUST_1013_PI417557136",2881,"GRIK2","glutamate receptor, ionotropic, kainate 2",2898,"6","n/a","n/a"
1056154,"CUST_1036_PI417557136",2881,"GRIK2","glutamate receptor, ionotropic, kainate 2",2898,"6","n/a","n/a"
1056155,"CUST_1689_PI417557136",2881,"GRIK2","glutamate receptor, ionotropic, kainate 2",2898,"6","n/a","n/a"
1056160,"CUST_1811_PI417557136",2881,"GRIK2","glutamate receptor, ionotropic, kainate 2",2898,"6","n/a","n/a"
1056134,"CUST_1928_PI417557136",2881,"GRIK2","glutamate receptor, ionotropic, kainate 2",2898,"6","n/a","n/a"
1056145,"CUST_307_PI416408490",2881,"GRIK2","glutamate receptor, ionotropic, kainate 2",2898,"6","n/a","n/a"
1056130,"CUST_402_PI417557136",2881,"GRIK2","glutamate receptor, ionotropic, kainate 2",2898,"6","n/a","n/a"
1056128,"CUST_404_PI417557136",2881,"GRIK2","glutamate receptor, ionotropic, kainate 2",2898,"6","n/a","n/a"
1056127,"CUST_405_PI417557136",2881,"GRIK2","glutamate receptor, ionotropic, kainate 2",2898,"6","n/a","n/a"
1056125,"CUST_406_PI417557136",2881,"GRIK2","glutamate receptor, ionotropic, kainate 2",2898,"6","n/a","n/a"
1056124,"CUST_407_PI417557136",2881,"GRIK2","glutamate receptor, ionotropic, kainate 2",2898,"6","n/a","n/a"
1056179,"CUST_408_PI417557136",2881,"GRIK2","glutamate receptor, ionotropic, kainate 2",2898,"6","n/a","n/a"
1056163,"CUST_409_PI417557136",2881,"GRIK2","glutamate receptor, ionotropic, kainate 2",2898,"6","n/a","n/a"
1056178,"CUST_410_PI417557136",2881,"GRIK2","glutamate receptor, ionotropic, kainate 2",2898,"6","n/a","n/a"
1056177,"CUST_411_PI417557136",2881,"GRIK2","glutamate receptor, ionotropic, kainate 2",2898,"6","n/a","n/a"
1056175,"CUST_413_PI417557136",2881,"GRIK2","glutamate receptor, ionotropic, kainate 2",2898,"6","n/a","n/a"
1056174,"CUST_414_PI417557136",2881,"GRIK2","glutamate receptor, ionotropic, kainate 2",2898,"6","n/a","n/a"
1056173,"CUST_415_PI417557136",2881,"GRIK2","glutamate receptor, ionotropic, kainate 2",2898,"6","n/a","n/a"
1056172,"CUST_416_PI417557136",2881,"GRIK2","glutamate receptor, ionotropic, kainate 2",2898,"6","n/a","n/a"
1056171,"CUST_417_PI417557136",2881,"GRIK2","glutamate receptor, ionotropic, kainate 2",2898,"6","n/a","n/a"
1056169,"CUST_419_PI417557136",2881,"GRIK2","glutamate receptor, ionotropic, kainate 2",2898,"6","n/a","n/a"
1056167,"CUST_421_PI417557136",2881,"GRIK2","glutamate receptor, ionotropic, kainate 2",2898,"6","n/a","n/a"
1056137,"CUST_51_PI417557136",2881,"GRIK2","glutamate receptor, ionotropic, kainate 2",2898,"6","n/a","n/a"
1056157,"CUST_762_PI417557136",2881,"GRIK2","glutamate receptor, ionotropic, kainate 2",2898,"6","n/a","n/a"
1056147,"CUST_983_PI417557136",2881,"GRIK2","glutamate receptor, ionotropic, kainate 2",2898,"6","n/a","n/a"
1056146,"CUST_984_PI417557136",2881,"GRIK2","glutamate receptor, ionotropic, kainate 2",2898,"6","n/a","n/a"
1056037,"A_23_P149084",2882,"GRIK3","glutamate receptor, ionotropic, kainate 3",2899,"1","n/a","n/a"
1056123,"A_24_P870799",2882,"GRIK3","glutamate receptor, ionotropic, kainate 3",2899,"1","n/a","n/a"
1056052,"CUST_1159_PI417557136",2882,"GRIK3","glutamate receptor, ionotropic, kainate 3",2899,"1","n/a","n/a"
1056055,"CUST_1393_PI417557136",2882,"GRIK3","glutamate receptor, ionotropic, kainate 3",2899,"1","n/a","n/a"
1056046,"CUST_308_PI416408490",2882,"GRIK3","glutamate receptor, ionotropic, kainate 3",2899,"1","n/a","n/a"
1056122,"CUST_820_PI417557136",2882,"GRIK3","glutamate receptor, ionotropic, kainate 3",2899,"1","n/a","n/a"
1056120,"CUST_822_PI417557136",2882,"GRIK3","glutamate receptor, ionotropic, kainate 3",2899,"1","n/a","n/a"
1056119,"CUST_823_PI417557136",2882,"GRIK3","glutamate receptor, ionotropic, kainate 3",2899,"1","n/a","n/a"
1056117,"CUST_826_PI417557136",2882,"GRIK3","glutamate receptor, ionotropic, kainate 3",2899,"1","n/a","n/a"
1056054,"CUST_833_PI417557136",2882,"GRIK3","glutamate receptor, ionotropic, kainate 3",2899,"1","n/a","n/a"
1056108,"CUST_836_PI417557136",2882,"GRIK3","glutamate receptor, ionotropic, kainate 3",2899,"1","n/a","n/a"
1056103,"CUST_841_PI417557136",2882,"GRIK3","glutamate receptor, ionotropic, kainate 3",2899,"1","n/a","n/a"
1056102,"CUST_842_PI417557136",2882,"GRIK3","glutamate receptor, ionotropic, kainate 3",2899,"1","n/a","n/a"
1056101,"CUST_843_PI417557136",2882,"GRIK3","glutamate receptor, ionotropic, kainate 3",2899,"1","n/a","n/a"
1056100,"CUST_844_PI417557136",2882,"GRIK3","glutamate receptor, ionotropic, kainate 3",2899,"1","n/a","n/a"
1056024,"CUST_859_PI417557136",2882,"GRIK3","glutamate receptor, ionotropic, kainate 3",2899,"1","n/a","n/a"
1056085,"CUST_862_PI417557136",2882,"GRIK3","glutamate receptor, ionotropic, kainate 3",2899,"1","n/a","n/a"
1056084,"CUST_863_PI417557136",2882,"GRIK3","glutamate receptor, ionotropic, kainate 3",2899,"1","n/a","n/a"
1056075,"CUST_872_PI417557136",2882,"GRIK3","glutamate receptor, ionotropic, kainate 3",2899,"1","n/a","n/a"
1056067,"CUST_882_PI417557136",2882,"GRIK3","glutamate receptor, ionotropic, kainate 3",2899,"1","n/a","n/a"
1056066,"CUST_883_PI417557136",2882,"GRIK3","glutamate receptor, ionotropic, kainate 3",2899,"1","n/a","n/a"
1055987,"A_23_P116249",2883,"GRIK4","glutamate receptor, ionotropic, kainate 4",2900,"11","n/a","n/a"
1056009,"CUST_1175_PI417557136",2883,"GRIK4","glutamate receptor, ionotropic, kainate 4",2900,"11","n/a","n/a"
1055988,"CUST_1317_PI417557136",2883,"GRIK4","glutamate receptor, ionotropic, kainate 4",2900,"11","n/a","n/a"
1055994,"CUST_14366_PI416261804",2883,"GRIK4","glutamate receptor, ionotropic, kainate 4",2900,"11","n/a","n/a"
1056004,"CUST_309_PI416408490",2883,"GRIK4","glutamate receptor, ionotropic, kainate 4",2900,"11","n/a","n/a"
1055952,"A_23_P16063",2884,"GRIK5","glutamate receptor, ionotropic, kainate 5",2901,"19","n/a","n/a"
1055955,"CUST_10958_PI416261804",2884,"GRIK5","glutamate receptor, ionotropic, kainate 5",2901,"19","n/a","n/a"
1055965,"CUST_310_PI416408490",2884,"GRIK5","glutamate receptor, ionotropic, kainate 5",2901,"19","n/a","n/a"
1024189,"A_23_P257962",2885,"GRIN1","glutamate receptor, ionotropic, N-methyl D-aspartate 1",2902,"9","n/a","n/a"
1055938,"A_23_P84670",2885,"GRIN1","glutamate receptor, ionotropic, N-methyl D-aspartate 1",2902,"9","n/a","n/a"
1055937,"A_23_P96072",2885,"GRIN1","glutamate receptor, ionotropic, N-methyl D-aspartate 1",2902,"9","n/a","n/a"
1055939,"CUST_311_PI416408490",2885,"GRIN1","glutamate receptor, ionotropic, N-methyl D-aspartate 1",2902,"9","n/a","n/a"
1015484,"A_23_P100278",2886,"GRIN2A","glutamate receptor, ionotropic, N-methyl D-aspartate 2A",2903,"16","n/a","n/a"
1015502,"A_24_P358628",2886,"GRIN2A","glutamate receptor, ionotropic, N-methyl D-aspartate 2A",2903,"16","n/a","n/a"
1020818,"A_24_P381844",2886,"GRIN2A","glutamate receptor, ionotropic, N-methyl D-aspartate 2A",2903,"16","n/a","n/a"
1010806,"A_32_P169114",2886,"GRIN2A","glutamate receptor, ionotropic, N-methyl D-aspartate 2A",2903,"16","n/a","n/a"
1020837,"CUST_312_PI416408490",2886,"GRIN2A","glutamate receptor, ionotropic, N-methyl D-aspartate 2A",2903,"16","n/a","n/a"
1055934,"A_23_P151264",2887,"GRIN2B","glutamate receptor, ionotropic, N-methyl D-aspartate 2B",2904,"12","n/a","n/a"
1055936,"CUST_16238_PI416261804",2887,"GRIN2B","glutamate receptor, ionotropic, N-methyl D-aspartate 2B",2904,"12","n/a","n/a"
1055935,"CUST_313_PI416408490",2887,"GRIN2B","glutamate receptor, ionotropic, N-methyl D-aspartate 2B",2904,"12","n/a","n/a"
1024347,"A_23_P49546",2888,"GRIN2C","glutamate receptor, ionotropic, N-methyl D-aspartate 2C",2905,"17","n/a","n/a"
1024349,"A_24_P25530",2888,"GRIN2C","glutamate receptor, ionotropic, N-methyl D-aspartate 2C",2905,"17","n/a","n/a"
1065393,"CUST_314_PI416408490",2888,"GRIN2C","glutamate receptor, ionotropic, N-methyl D-aspartate 2C",2905,"17","n/a","n/a"
1055931,"A_23_P153549",2889,"GRIN2D","glutamate receptor, ionotropic, N-methyl D-aspartate 2D",2906,"19","n/a","n/a"
1055932,"CUST_14147_PI416261804",2889,"GRIN2D","glutamate receptor, ionotropic, N-methyl D-aspartate 2D",2906,"19","n/a","n/a"
1055933,"CUST_315_PI416408490",2889,"GRIN2D","glutamate receptor, ionotropic, N-methyl D-aspartate 2D",2906,"19","n/a","n/a"
1036035,"A_23_P347541",77775,"GRIN3A","glutamate receptor, ionotropic, N-methyl-D-aspartate 3A",116443,"9","n/a","n/a"
1036036,"CUST_13868_PI416261804",77775,"GRIN3A","glutamate receptor, ionotropic, N-methyl-D-aspartate 3A",116443,"9","n/a","n/a"
1036037,"CUST_316_PI416408490",77775,"GRIN3A","glutamate receptor, ionotropic, N-methyl-D-aspartate 3A",116443,"9","n/a","n/a"
1025777,"A_23_P108180",77776,"GRIN3B","glutamate receptor, ionotropic, N-methyl-D-aspartate 3B",116444,"19","n/a","n/a"
1025776,"A_23_P90369",77776,"GRIN3B","glutamate receptor, ionotropic, N-methyl-D-aspartate 3B",116444,"19","n/a","n/a"
1031770,"A_23_P113019",110417,"HCN1","hyperpolarization activated cyclic nucleotide-gated potassium channel 1",348980,"5","n/a","n/a"
1031769,"A_32_P123143",110417,"HCN1","hyperpolarization activated cyclic nucleotide-gated potassium channel 1",348980,"5","n/a","n/a"
1031771,"CUST_330_PI416408490",110417,"HCN1","hyperpolarization activated cyclic nucleotide-gated potassium channel 1",348980,"5","n/a","n/a"
1058849,"A_23_P342612",607,"HCN2","hyperpolarization activated cyclic nucleotide-gated potassium channel 2",610,"19","n/a","n/a"
1058851,"CUST_331_PI416408490",607,"HCN2","hyperpolarization activated cyclic nucleotide-gated potassium channel 2",610,"19","n/a","n/a"
1058850,"CUST_907_PI416573500",607,"HCN2","hyperpolarization activated cyclic nucleotide-gated potassium channel 2",610,"19","n/a","n/a"
1058848,"CUST_937_PI416379584",607,"HCN2","hyperpolarization activated cyclic nucleotide-gated potassium channel 2",610,"19","n/a","n/a"
1040481,"CUST_2167_PI416261804",36930,"HCN3","hyperpolarization activated cyclic nucleotide-gated potassium channel 3",57657,"1","n/a","n/a"
1040480,"CUST_332_PI416408490",36930,"HCN3","hyperpolarization activated cyclic nucleotide-gated potassium channel 3",57657,"1","n/a","n/a"
1047913,"A_24_P279060",9877,"HCN4","hyperpolarization activated cyclic nucleotide-gated potassium channel 4",10021,"15","n/a","n/a"
1047911,"CUST_1118_PI416573500",9877,"HCN4","hyperpolarization activated cyclic nucleotide-gated potassium channel 4",10021,"15","n/a","n/a"
1047912,"CUST_1155_PI416379584",9877,"HCN4","hyperpolarization activated cyclic nucleotide-gated potassium channel 4",10021,"15","n/a","n/a"
1047910,"CUST_333_PI416408490",9877,"HCN4","hyperpolarization activated cyclic nucleotide-gated potassium channel 4",10021,"15","n/a","n/a"
1024593,"A_23_P98399",3339,"HTR3A","5-hydroxytryptamine (serotonin) receptor 3A, ionotropic",3359,"11","n/a","n/a"
1024606,"A_24_P150068",3339,"HTR3A","5-hydroxytryptamine (serotonin) receptor 3A, ionotropic",3359,"11","n/a","n/a"
1024594,"CUST_722_PI417557136",3339,"HTR3A","5-hydroxytryptamine (serotonin) receptor 3A, ionotropic",3359,"11","n/a","n/a"
1024592,"CUST_723_PI417557136",3339,"HTR3A","5-hydroxytryptamine (serotonin) receptor 3A, ionotropic",3359,"11","n/a","n/a"
1024617,"CUST_805_PI417557136",3339,"HTR3A","5-hydroxytryptamine (serotonin) receptor 3A, ionotropic",3359,"11","n/a","n/a"
1048883,"A_23_P87007",9053,"HTR3B","5-hydroxytryptamine (serotonin) receptor 3B, ionotropic",9177,"11","n/a","n/a"
1048897,"CUST_1076_PI417557136",9053,"HTR3B","5-hydroxytryptamine (serotonin) receptor 3B, ionotropic",9177,"11","n/a","n/a"
1048886,"CUST_14380_PI416261804",9053,"HTR3B","5-hydroxytryptamine (serotonin) receptor 3B, ionotropic",9177,"11","n/a","n/a"
1048887,"CUST_1498_PI417557136",9053,"HTR3B","5-hydroxytryptamine (serotonin) receptor 3B, ionotropic",9177,"11","n/a","n/a"
1048894,"CUST_1699_PI417557136",9053,"HTR3B","5-hydroxytryptamine (serotonin) receptor 3B, ionotropic",9177,"11","n/a","n/a"
1048893,"CUST_2065_PI417557136",9053,"HTR3B","5-hydroxytryptamine (serotonin) receptor 3B, ionotropic",9177,"11","n/a","n/a"
1048892,"CUST_2066_PI417557136",9053,"HTR3B","5-hydroxytryptamine (serotonin) receptor 3B, ionotropic",9177,"11","n/a","n/a"
1048879,"CUST_3_PI417511553",9053,"HTR3B","5-hydroxytryptamine (serotonin) receptor 3B, ionotropic",9177,"11","n/a","n/a"
1033700,"A_23_P124402",81892,"HTR3C","5-hydroxytryptamine (serotonin) receptor 3C, ionotropic",170572,"3","n/a","n/a"
1033704,"CUST_1293_PI417557136",81892,"HTR3C","5-hydroxytryptamine (serotonin) receptor 3C, ionotropic",170572,"3","n/a","n/a"
1033702,"CUST_1295_PI417557136",81892,"HTR3C","5-hydroxytryptamine (serotonin) receptor 3C, ionotropic",170572,"3","n/a","n/a"
1033718,"CUST_1660_PI417557136",81892,"HTR3C","5-hydroxytryptamine (serotonin) receptor 3C, ionotropic",170572,"3","n/a","n/a"
1033701,"CUST_4_PI417511553",81892,"HTR3C","5-hydroxytryptamine (serotonin) receptor 3C, ionotropic",170572,"3","n/a","n/a"
1033713,"CUST_9378_PI416261804",81892,"HTR3C","5-hydroxytryptamine (serotonin) receptor 3C, ionotropic",170572,"3","n/a","n/a"
1033494,"A_24_P14974",83600,"HTR3D","5-hydroxytryptamine (serotonin) receptor 3D, ionotropic",200909,"3","n/a","n/a"
1033499,"CUST_10750_PI416261804",83600,"HTR3D","5-hydroxytryptamine (serotonin) receptor 3D, ionotropic",200909,"3","n/a","n/a"
1013104,"CUST_13674_PI416261804",83600,"HTR3D","5-hydroxytryptamine (serotonin) receptor 3D, ionotropic",200909,"3","n/a","n/a"
1033486,"CUST_1903_PI417557136",83600,"HTR3D","5-hydroxytryptamine (serotonin) receptor 3D, ionotropic",200909,"3","n/a","n/a"
1033502,"CUST_2033_PI417557136",83600,"HTR3D","5-hydroxytryptamine (serotonin) receptor 3D, ionotropic",200909,"3","n/a","n/a"
1032346,"A_24_P32139",94515,"HTR3E","5-hydroxytryptamine (serotonin) receptor 3E, ionotropic",285242,"3","n/a","n/a"
1032361,"CUST_16930_PI416261804",94515,"HTR3E","5-hydroxytryptamine (serotonin) receptor 3E, ionotropic",285242,"3","n/a","n/a"
1032345,"CUST_1909_PI417557136",94515,"HTR3E","5-hydroxytryptamine (serotonin) receptor 3E, ionotropic",285242,"3","n/a","n/a"
1017946,"A_23_P92042",3683,"ITPR1","inositol 1,4,5-trisphosphate receptor, type 1",3708,"3","n/a","n/a"
1013762,"CUST_12396_PI416261804",3683,"ITPR1","inositol 1,4,5-trisphosphate receptor, type 1",3708,"3","n/a","n/a"
1020872,"A_23_P203933",3684,"ITPR2","inositol 1,4,5-trisphosphate receptor, type 2",3709,"12","n/a","n/a"
1020873,"CUST_13464_PI416261804",3684,"ITPR2","inositol 1,4,5-trisphosphate receptor, type 2",3709,"12","n/a","n/a"
1020874,"CUST_356_PI416408490",3684,"ITPR2","inositol 1,4,5-trisphosphate receptor, type 2",3709,"12","n/a","n/a"
1054896,"A_23_P19517",3685,"ITPR3","inositol 1,4,5-trisphosphate receptor, type 3",3710,"6","n/a","n/a"
1054897,"CUST_16469_PI416261804",3685,"ITPR3","inositol 1,4,5-trisphosphate receptor, type 3",3710,"6","n/a","n/a"
1054829,"A_23_P74943",3731,"KCNH1","potassium voltage-gated channel, subfamily H (eag-related), member 1",3756,"1","n/a","n/a"
1054830,"CUST_12138_PI416261804",3731,"KCNH1","potassium voltage-gated channel, subfamily H (eag-related), member 1",3756,"1","n/a","n/a"
1030793,"A_23_P168403",3732,"KCNH2","potassium voltage-gated channel, subfamily H (eag-related), member 2",3757,"7","n/a","n/a"
1030832,"A_23_P377882",3732,"KCNH2","potassium voltage-gated channel, subfamily H (eag-related), member 2",3757,"7","n/a","n/a"
1045729,"A_23_P87917",23171,"KCNH3","potassium voltage-gated channel, subfamily H (eag-related), member 3",23416,"12","n/a","n/a"
1045731,"CUST_1499_PI416261804",23171,"KCNH3","potassium voltage-gated channel, subfamily H (eag-related), member 3",23416,"12","n/a","n/a"
1045730,"CUST_376_PI416408490",23171,"KCNH3","potassium voltage-gated channel, subfamily H (eag-related), member 3",23416,"12","n/a","n/a"
1045732,"A_23_P124988",23170,"KCNH4","potassium voltage-gated channel, subfamily H (eag-related), member 4",23415,"17","n/a","n/a"
1045733,"CUST_2141_PI416261804",23170,"KCNH4","potassium voltage-gated channel, subfamily H (eag-related), member 4",23415,"17","n/a","n/a"
1045734,"CUST_377_PI416408490",23170,"KCNH4","potassium voltage-gated channel, subfamily H (eag-related), member 4",23415,"17","n/a","n/a"
1044625,"A_23_P25849",26878,"KCNH5","potassium voltage-gated channel, subfamily H (eag-related), member 5",27133,"14","n/a","n/a"
1044626,"A_24_P99145",26878,"KCNH5","potassium voltage-gated channel, subfamily H (eag-related), member 5",27133,"14","n/a","n/a"
1044627,"CUST_5887_PI416261804",26878,"KCNH5","potassium voltage-gated channel, subfamily H (eag-related), member 5",27133,"14","n/a","n/a"
1038385,"A_23_P170541",56744,"KCNH6","potassium voltage-gated channel, subfamily H (eag-related), member 6",81033,"17","n/a","n/a"
1027738,"A_23_P83558",56744,"KCNH6","potassium voltage-gated channel, subfamily H (eag-related), member 6",81033,"17","n/a","n/a"
1038386,"CUST_2239_PI416261804",56744,"KCNH6","potassium voltage-gated channel, subfamily H (eag-related), member 6",81033,"17","n/a","n/a"
1038387,"CUST_378_PI416408490",56744,"KCNH6","potassium voltage-gated channel, subfamily H (eag-related), member 6",81033,"17","n/a","n/a"
1036927,"A_23_P349901",59853,"KCNH7","potassium voltage-gated channel, subfamily H (eag-related), member 7",90134,"2","n/a","n/a"
1027436,"A_23_P410040",59853,"KCNH7","potassium voltage-gated channel, subfamily H (eag-related), member 7",90134,"2","n/a","n/a"
1027437,"CUST_11225_PI416261804",59853,"KCNH7","potassium voltage-gated channel, subfamily H (eag-related), member 7",90134,"2","n/a","n/a"
1036928,"CUST_379_PI416408490",59853,"KCNH7","potassium voltage-gated channel, subfamily H (eag-related), member 7",90134,"2","n/a","n/a"
1035306,"A_23_P170636",79462,"KCNH8","potassium voltage-gated channel, subfamily H (eag-related), member 8",131096,"3","n/a","n/a"
1035308,"CUST_11232_PI416261804",79462,"KCNH8","potassium voltage-gated channel, subfamily H (eag-related), member 8",131096,"3","n/a","n/a"
1035307,"CUST_380_PI416408490",79462,"KCNH8","potassium voltage-gated channel, subfamily H (eag-related), member 8",131096,"3","n/a","n/a"
1053415,"A_23_P372848",4991,"P2RX1","purinergic receptor P2X, ligand-gated ion channel, 1",5023,"17","n/a","n/a"
1053416,"CUST_9497_PI416261804",4991,"P2RX1","purinergic receptor P2X, ligand-gated ion channel, 1",5023,"17","n/a","n/a"
1029371,"A_23_P124003",22708,"P2RX2","purinergic receptor P2X, ligand-gated ion channel, 2",22953,"12","n/a","n/a"
1028560,"CUST_9372_PI416261804",22708,"P2RX2","purinergic receptor P2X, ligand-gated ion channel, 2",22953,"12","n/a","n/a"
1053413,"A_23_P127721",4992,"P2RX3","purinergic receptor P2X, ligand-gated ion channel, 3",5024,"11","n/a","n/a"
1053414,"CUST_12243_PI416261804",4992,"P2RX3","purinergic receptor P2X, ligand-gated ion channel, 3",5024,"11","n/a","n/a"
1053411,"A_23_P53623",4993,"P2RX4","purinergic receptor P2X, ligand-gated ion channel, 4",5025,"12","n/a","n/a"
1053412,"CUST_16153_PI416261804",4993,"P2RX4","purinergic receptor P2X, ligand-gated ion channel, 4",5025,"12","n/a","n/a"
1029962,"A_23_P413760",4994,"P2RX5","purinergic receptor P2X, ligand-gated ion channel, 5",5026,"17","n/a","n/a"
1029745,"A_23_P433785",4994,"P2RX5","purinergic receptor P2X, ligand-gated ion channel, 5",5026,"17","n/a","n/a"
1029961,"CUST_6425_PI416261804",4994,"P2RX5","purinergic receptor P2X, ligand-gated ion channel, 5",5026,"17","n/a","n/a"
1048951,"CUST_1320_PI416573500",9004,"P2RX6","purinergic receptor P2X, ligand-gated ion channel, 6",9127,"22","n/a","n/a"
1048950,"CUST_1362_PI416379584",9004,"P2RX6","purinergic receptor P2X, ligand-gated ion channel, 6",9127,"22","n/a","n/a"
1048952,"CUST_48_PI416383280",9004,"P2RX6","purinergic receptor P2X, ligand-gated ion channel, 6",9127,"22","n/a","n/a"
1053409,"A_23_P25354",4995,"P2RX7","purinergic receptor P2X, ligand-gated ion channel, 7",5027,"12","n/a","n/a"
1053410,"A_24_P319113",4995,"P2RX7","purinergic receptor P2X, ligand-gated ion channel, 7",5027,"12","n/a","n/a"
1021238,"A_23_P78867",6228,"RYR1","ryanodine receptor 1 (skeletal)",6261,"19","n/a","n/a"
1021239,"A_24_P170544",6228,"RYR1","ryanodine receptor 1 (skeletal)",6261,"19","n/a","n/a"
1051861,"A_23_P137797",6229,"RYR2","ryanodine receptor 2 (cardiac)",6262,"1","n/a","n/a"
1051862,"CUST_14652_PI416261804",6229,"RYR2","ryanodine receptor 2 (cardiac)",6262,"1","n/a","n/a"
1051859,"A_23_P94838",6230,"RYR3","ryanodine receptor 3",6263,"15","n/a","n/a"
1051860,"CUST_9927_PI416261804",6230,"RYR3","ryanodine receptor 3",6263,"15","n/a","n/a"
1035164,"A_23_P156185",79611,"SHROOM1","shroom family member 1",134549,"5","n/a","n/a"
1035165,"CUST_4874_PI416261804",79611,"SHROOM1","shroom family member 1",134549,"5","n/a","n/a"
1059126,"A_23_P217755",354,"SHROOM2","shroom family member 2",357,"X","n/a","n/a"
1059127,"CUST_1097_PI416261804",354,"SHROOM2","shroom family member 2",357,"X","n/a","n/a"
1040510,"A_23_P58117",36892,"SHROOM3","shroom family member 3",57619,"4","n/a","n/a"
1040511,"CUST_6862_PI416261804",36892,"SHROOM3","shroom family member 3",57619,"4","n/a","n/a"
1023435,"A_24_P265064",36750,"SHROOM4","shroom family member 4",57477,"X","n/a","n/a"
1023436,"CUST_11830_PI416261804",36750,"SHROOM4","shroom family member 4",57477,"X","n/a","n/a"
1038414,"A_23_P160886",56606,"TAS1R1","taste receptor, type 1, member 1",80835,"1","n/a","n/a"
1038415,"A_23_P160890",56606,"TAS1R1","taste receptor, type 1, member 1",80835,"1","n/a","n/a"
1038416,"CUST_1317_PI416261804",56606,"TAS1R1","taste receptor, type 1, member 1",80835,"1","n/a","n/a"
1038417,"A_23_P335957",56605,"TAS1R2","taste receptor, type 1, member 2",80834,"1","n/a","n/a"
1038418,"CUST_14842_PI416261804",56605,"TAS1R2","taste receptor, type 1, member 2",80834,"1","n/a","n/a"
1021803,"CUST_952_PI416573500",57998,"TAS1R3","taste receptor, type 1, member 3",83756,"1","n/a","n/a"
1021802,"CUST_983_PI416379584",57998,"TAS1R3","taste receptor, type 1, member 3",83756,"1","n/a","n/a"
1031716,"CUST_7085_PI416261804",110657,"ZACN","zinc activated ligand-gated ion channel",353174,"17","n/a","n/a"